http://fanski.ru/canada/banf-kanada;http://туры86.рф/index.php/surgut/home/polesno-znat/177-kuda-zimoj-1;отдых зимой на популярных курортах
http://fanski.ru/sweden/geteborg-u-morya-u-sinego-morya;http://www.transgold.ru/marshrutka-spb-helsinki/;Маршрутка в Хельсинки
http://fanski.ru/germany/zimniy-otdyih-v-germanii;http://textile-master.ru/specodejda_winter;зимние комбинезоны
http://fanski.ru/russia/gornolyizhnyie-kurortyi-yuzhnogo-urala-tsao-evraziya;http://timesat.ru/;активный отдых
http://fanski.ru/anynews/avstriya-prazdnuet;http://albion-tour.ru/country/avstriya/;туры в Австрию
http://fanski.ru/hot_news/na-gornolyizhnom-kurorte-serra-nevada-dlina-trass-udvoilas;http://vladimir-trokhin.ru/ski/tchto-vzyaty-s-soboy-na-gornolzhny-kurort.html;Что взять с собой на горнолыжный курорт
http://fanski.ru/anynews/robbi-uilyams-zakryivaet-etot-sezon-v-ishgle;http://www.adidas.ru/termo-belyo.html;термобелье мужское купить
http://fanski.ru/anynews/1000-mln-investitsiy-v-gornolyizhnyie-kurortyi-3-h-stran-evropyi;http://www.sunrise-tour.ru/switzerland/ski/;карта горнолыжных курортов швейцарии
http://fanski.ru/andorra/andorra-oshtrafuet-na-180-evro-transportnoe-sredstvo-bez-tsepey;http://www.sunrise-tour.ru/andorra/ski/;горнолыжные туры в андорру 2014
http://fanski.ru/anynews/silnyie-snegopadyi-v-evrope;http://www.multitour.ru/holidays/new-year/moscow/;Новогодние туры в Подмосковье
http://fanski.ru/anynews/npy-zapuskaet-svoyu-obshhuyu-platformu-bronirovaniya;http://zagorod.su/actions/5296;аренда коттеджа на новый год
http://fanski.ru/anynews/trassyi-dolzhnyi-izmeryatsya-po-tsentru;http://www.sunrise-tour.ru/ski/;зимние горнолыжные курорты
